Date,Close,adj close after change position,adj weight,position,total value,equity
2020-09-30,3363.0,3363.0,0,14.860247544975653,49975.01249375312,49975.01249375312
2020-10-01,3380.800048828125,3380.800048828125,0,14.860247544975653,50239.52562565171,50239.52562565171
2020-10-02,3348.419921875,3348.419921875,0,14.860247544975653,49758.348923590536,49758.348923590536
2020-10-05,3408.60009765625,3408.60009765625,0,14.860247544975653,50652.64123300006,50652.64123300006
2020-10-06,3360.969970703125,3360.969970703125,0,14.860247544975653,49944.84575587801,49944.84575587801
2020-10-07,3419.43994140625,3419.43994140625,0,14.860247544975653,50813.72399447392,50813.72399447392
2020-10-08,3446.830078125,3446.830078125,0,14.860247544975653,51220.74820640527,51220.74820640527
2020-10-09,3477.139892578125,3477.139892578125,0,14.860247544975653,51671.15955222099,51671.15955222099
2020-10-12,3534.219970703125,3534.219970703125,0,14.860247544975653,52519.38364304504,52519.38364304504
2020-10-13,3511.929931640625,3511.929931640625,0,14.860247544975653,52188.14814478911,52188.14814478911
2020-10-14,3488.669921875,3488.669921875,0,14.860247544975653,51842.498641773374,51842.498641773374
2020-10-15,3483.340087890625,3483.340087890625,0,14.860247544975653,51763.29598939194,51763.29598939194
2020-10-16,3483.81005859375,3483.81005859375,0,14.860247544975653,51770.27987037926,51770.27987037926
2020-10-19,3426.919921875,3426.919921875,0,14.860247544975653,50924.87835587113,50924.87835587113
2020-10-20,3443.1201171875,3443.1201171875,0,14.860247544975653,51165.61726849183,51165.61726849183
2020-10-21,3435.56005859375,3435.56005859375,0,14.860247544975653,51053.27292633418,51053.27292633418
2020-10-22,3453.489990234375,3453.489990234375,0,14.860247544975653,51319.71614897836,51319.71614897836
2020-10-23,3465.389892578125,3465.389892578125,0,14.860247544975653,51496.55164356752,51496.55164356752
2020-10-26,3400.969970703125,3400.969970703125,0,14.860247544975653,50539.25565767703,50539.25565767703
2020-10-27,3390.679931640625,3390.679931640625,0,14.860247544975653,50386.34312996081,50386.34312996081
2020-10-28,3271.030029296875,3271.030029296875,0,14.860247544975653,48608.31596240053,48608.31596240053
2020-10-29,3310.110107421875,3310.110107421875,0,14.860247544975653,49189.05559741501,49189.05559741501
2020-10-30,3269.9599609375,3269.9599609375,0,14.860247544975653,48592.41448169017,48592.41448169017
2020-11-02,3310.239990234375,3310.239990234375,0,14.860247544975653,49190.9856881606,49190.9856881606
2020-11-03,3369.159912109375,3369.159912109375,0,14.860247544975653,50066.55031255373,50066.55031255373
2020-11-04,3443.43994140625,3443.43994140625,0,14.860247544975653,51170.36993555333,51170.36993555333
2020-11-05,3510.449951171875,3510.449951171875,0,14.860247544975653,52166.15526866176,52166.15526866176
2020-11-06,3509.43994140625,3509.43994140625,0,14.860247544975653,52151.14627352173,52151.14627352173
2020-11-09,3550.5,3550.5,0,14.860247544975653,52761.308908436054,52761.308908436054
2020-11-10,3545.530029296875,3545.530029296875,0,14.860247544975653,52687.45391349634,52661.11018653959
2020-11-11,3572.659912109375,3587.659912109375,1,14.671065284779944,52414.72681087282,52414.72681087282
2020-11-12,3537.010009765625,3537.010009765625,0,14.671065284779944,51891.70476619163,51891.70476619163
2020-11-13,3585.14990234375,3585.14990234375,0,14.671065284779944,52597.968273007595,52597.968273007595
2020-11-16,3626.909912109375,3626.909912109375,0,14.671065284779944,53210.632102572126,53210.632102572126
2020-11-17,3609.530029296875,3609.530029296875,0,14.671065284779944,52955.65070718812,52955.65070718812
2020-11-18,3567.7900390625,3567.7900390625,0,14.671065284779944,52343.28058547353,52343.28058547353
2020-11-19,3581.8701171875,3581.8701171875,0,14.671065284779944,52549.8503308602,52549.8503308602
2020-11-20,3557.5400390625,3557.5400390625,0,14.671065284779944,52192.90216630453,52192.90216630453
2020-11-23,3577.590087890625,3577.590087890625,0,14.671065284779944,52487.05774162498,52487.05774162498
2020-11-24,3635.409912109375,3635.409912109375,0,14.671065284779944,53335.33615749276,53335.33615749276
2020-11-25,3629.64990234375,3629.64990234375,0,14.671065284779944,53250.830678180304,53250.830678180304
2020-11-27,3638.35009765625,3638.35009765625,0,14.671065284779944,53378.47181160033,53378.47181160033
2020-11-30,3621.6298828125,3621.6298828125,0,14.671065284779944,53133.16844805213,53133.16844805213
2020-12-01,3662.449951171875,3662.449951171875,0,14.671065284779944,53732.0423358817,53732.0423358817
2020-12-02,3669.010009765625,3669.010009765625,0,14.671065284779944,53828.28538378258,53828.28538378258
2020-12-03,3666.719970703125,3666.719970703125,0,14.671065284779944,53794.68807119195,53794.68807119195
2020-12-04,3699.1201171875,3699.1201171875,0,14.671065284779944,54270.03273550065,54270.03273550065
2020-12-07,3691.9599609375,3691.9599609375,0,14.671065284779944,54164.98561570767,54164.98561570767
2020-12-08,3702.25,3702.25,0,14.671065284779944,54315.95145057655,54315.95145057655
2020-12-09,3672.820068359375,3672.820068359375,0,14.671065284779944,53884.18300215033,53884.18300215033
2020-12-10,3668.10009765625,3668.10009765625,0,14.671065284779944,53814.936003822535,53814.936003822535
2020-12-11,3663.4599609375,3663.4599609375,0,14.671065284779944,53746.860255091444,53746.860255091444
2020-12-14,3647.489990234375,3647.489990234375,0,14.671065284779944,53512.56377230988,53512.56377230988
2020-12-15,3694.6201171875,3694.6201171875,0,14.671065284779944,54204.01294171914,54204.01294171914
2020-12-16,3701.169921875,3701.169921875,0,14.671065284779944,54300.10555389201,54300.10555389201
2020-12-17,3722.47998046875,3722.47998046875,0,14.671065284779944,54612.746814743405,54612.746814743405
2020-12-18,3709.409912109375,3709.409912109375,0,14.671065284779944,54420.994988566476,54420.994988566476
2020-12-21,3694.919921875,3694.919921875,0,14.671065284779944,54208.41139586214,54208.41139586214
2020-12-22,3687.260009765625,3687.260009765625,0,14.671065284779944,54096.03232522982,54096.03232522982
2020-12-23,3690.010009765625,3690.010009765625,0,14.671065284779944,54136.377754762965,54109.30956588558
2020-12-24,3703.06005859375,3718.06005859375,1,14.545829701342916,53864.08098614961,53864.08098614961
2020-12-28,3735.360107421875,3735.360107421875,0,14.545829701342916,54333.911995748575,54333.911995748575
2020-12-29,3727.0400390625,3727.0400390625,0,14.545829701342916,54212.889698289575,54212.889698289575
2020-12-30,3732.0400390625,3732.0400390625,0,14.545829701342916,54285.618846796286,54285.618846796286
2020-12-31,3756.070068359375,3756.070068359375,0,14.545829701342916,54635.15556066691,54635.15556066691
2021-01-04,3700.64990234375,3700.64990234375,0,14.545829701342916,53829.02326378348,53829.02326378348
2021-01-05,3726.860107421875,3726.860107421875,0,14.545829701342916,54210.27244328716,54210.27244328716
2021-01-06,3748.139892578125,3748.139892578125,0,14.545829701342916,54519.80457425114,54519.80457425114
2021-01-07,3803.7900390625,3803.7900390625,0,14.545829701342916,55329.28212786764,55329.28212786764
2021-01-08,3824.679931640625,3824.679931640625,0,14.545829701342916,55633.142947788394,55633.142947788394
2021-01-11,3799.610107421875,3799.610107421875,0,14.545829701342916,55268.48155405986,55268.48155405986
2021-01-12,3801.18994140625,3801.18994140625,0,14.545829701342916,55291.46155015297,55291.46155015297
2021-01-13,3809.840087890625,3809.840087890625,0,14.545829701342916,55417.285107806354,55417.285107806354
2021-01-14,3795.5400390625,3795.5400390625,0,14.545829701342916,55209.27903283156,55209.27903283156
2021-01-15,3768.25,3768.25,0,14.545829701342916,54812.32277208544,54812.32277208544
2021-01-19,3798.909912109375,3798.909912109375,0,14.545829701342916,55258.296632286554,55258.296632286554
2021-01-20,3851.85009765625,3851.85009765625,0,14.545829701342916,56028.35555560889,56028.35555560889
2021-01-21,3853.070068359375,3853.070068359375,0,14.545829701342916,56046.10104169718,56046.10104169718
2021-01-22,3841.469970703125,3841.469970703125,0,14.545829701342916,55877.367996670415,55877.367996670415
2021-01-25,3855.360107421875,3855.360107421875,0,14.545829701342916,56079.41155990972,56079.41155990972
2021-01-26,3849.6201171875,3849.6201171875,0,14.545829701342916,55995.91863947313,55995.91863947313
2021-01-27,3750.77001953125,3750.77001953125,0,14.545829701342916,54558.0619530042,54558.0619530042
2021-01-28,3787.3798828125,3787.3798828125,0,14.545829701342916,55090.58278968271,55090.58278968271
2021-01-29,3714.239990234375,3714.239990234375,0,14.545829701342916,54026.70236786679,54026.70236786679
2021-02-01,3773.860107421875,3773.860107421875,0,14.545829701342916,54893.926439250274,54893.926439250274
2021-02-02,3826.31005859375,3826.31005859375,0,14.545829701342916,55656.85449684012,55656.85449684012
2021-02-03,3830.169921875,3830.169921875,0,14.545829701342916,55712.999410799646,55712.999410799646
2021-02-04,3871.739990234375,3871.739990234375,0,14.545829701342916,56317.6705458283,56317.6705458283
2021-02-05,3886.830078125,3886.830078125,0,14.545829701342916,56537.16839446363,56537.16839446363
2021-02-08,3915.590087890625,3915.590087890625,0,14.545829701342916,56955.50659872337,56927.02884542401
2021-02-09,3911.22998046875,3926.22998046875,1,14.4919120476109,56681.20087493202,56681.20087493202
2021-02-10,3909.8798828125,3909.8798828125,0,14.4919120476109,56661.63537844196,56661.63537844196
2021-02-11,3916.3798828125,3916.3798828125,0,14.4919120476109,56755.83280675143,56755.83280675143
2021-02-12,3934.830078125,3934.830078125,0,14.4919120476109,57023.211414481426,57023.211414481426
2021-02-16,3932.590087890625,3932.590087890625,0,14.4919120476109,56990.74967301735,56990.74967301735
2021-02-17,3931.330078125,3931.330078125,0,14.4919120476109,56972.489722314785,56972.489722314785
2021-02-18,3913.969970703125,3913.969970703125,0,14.4919120476109,56720.908572419896,56720.908572419896
2021-02-19,3906.7099609375,3906.7099609375,0,14.4919120476109,56615.69714943166,56615.69714943166
2021-02-22,3876.5,3876.5,0,14.4919120476109,56177.897052563654,56177.897052563654
2021-02-23,3881.3701171875,3881.3701171875,0,14.4919120476109,56248.47436250646,56248.47436250646
2021-02-24,3925.429931640625,3925.429931640625,0,14.4919120476109,56886.9853183952,56886.9853183952
2021-02-25,3829.340087890625,3829.340087890625,0,14.4919120476109,55494.45975410153,55494.45975410153
2021-02-26,3811.14990234375,3811.14990234375,0,14.4919120476109,55230.84918502649,55230.84918502649
2021-03-01,3901.820068359375,3901.820068359375,0,14.4919120476109,56544.83325626721,56544.83325626721
2021-03-02,3870.2900390625,3870.2900390625,0,14.4919120476109,56087.9028448383,56087.9028448383
2021-03-03,3819.719970703125,3819.719970703125,0,14.4919120476109,55355.045861932565,55355.045861932565
2021-03-04,3768.469970703125,3768.469970703125,0,14.4919120476109,54612.33536949251,54612.33536949251
2021-03-05,3841.93994140625,3841.93994140625,0,14.4919120476109,55677.055723062746,55677.055723062746
2021-03-08,3821.35009765625,3821.35009765625,0,14.4919120476109,55378.6695183637,55378.6695183637
2021-03-09,3875.43994140625,3875.43994140625,0,14.4919120476109,56162.53477665771,56162.53477665771
2021-03-10,3898.81005859375,3898.81005859375,0,14.4919120476109,56501.21245948132,56501.21245948132
2021-03-11,3939.340087890625,3939.340087890625,0,14.4919120476109,57088.57007933873,57088.57007933873
2021-03-12,3943.340087890625,3943.340087890625,0,14.4919120476109,57146.53772752917,57146.53772752917
2021-03-15,3968.93994140625,3968.93994140625,0,14.4919120476109,57517.52855310933,57517.52855310933
2021-03-16,3962.7099609375,3962.7099609375,0,14.4919120476109,57427.24422409787,57427.24422409787
2021-03-17,3974.1201171875,3974.1201171875,0,14.4919120476109,57592.59920492237,57592.59920492237
2021-03-18,3915.4599609375,3915.4599609375,0,14.4919120476109,56742.501379848254,56742.501379848254
2021-03-19,3913.10009765625,3913.10009765625,0,14.4919120476109,56708.30244873199,56708.30244873199
2021-03-22,3940.590087890625,3940.590087890625,0,14.4919120476109,57106.684969398244,57106.684969398244
2021-03-23,3910.52001953125,3910.52001953125,0,14.4919120476109,56670.91218346853,56642.57672737679
2021-03-24,3889.139892578125,3904.139892578125,1,14.501086321267778,56396.75329776148,56396.75329776148
2021-03-25,3909.52001953125,3909.52001953125,0,14.501086321267778,56692.28727794714,56692.28727794714
2021-03-26,3974.5400390625,3974.5400390625,0,14.501086321267778,57635.14819378032,57635.14819378032
2021-03-29,3971.090087890625,3971.090087890625,0,14.501086321267778,57585.1201540328,57585.1201540328
2021-03-30,3958.550048828125,3958.550048828125,0,14.501086321267778,57403.27596511542,57403.27596511542
2021-03-31,3972.889892578125,3972.889892578125,0,14.501086321267778,57611.21927716766,57611.21927716766
2021-04-01,4019.8701171875,4019.8701171875,0,14.501086321267778,58292.48356962075,58292.48356962075
2021-04-05,4077.909912109375,4077.909912109375,0,14.501086321267778,59134.12364585154,59134.12364585154
2021-04-06,4073.93994140625,4073.93994140625,0,14.501086321267778,59076.55475799262,59076.55475799262
2021-04-07,4079.949951171875,4079.949951171875,0,14.501086321267778,59163.70642839561,59163.70642839561
2021-04-08,4097.169921875,4097.169921875,0,14.501086321267778,59413.41471001133,59413.41471001133
2021-04-09,4128.7998046875,4128.7998046875,0,14.501086321267778,59872.08237100698,59872.08237100698
2021-04-12,4127.990234375,4127.990234375,0,14.501086321267778,59860.34272202228,59860.34272202228
2021-04-13,4141.58984375,4141.58984375,0,14.501086321267778,60057.55183150468,60057.55183150468
2021-04-14,4124.66015625,4124.66015625,0,14.501086321267778,59812.05297167509,59812.05297167509
2021-04-15,4170.419921875,4170.419921875,0,14.501086321267778,60475.619283044194,60475.619283044194
2021-04-16,4185.47021484375,4185.47021484375,0,14.501086321267778,60693.86488054441,60693.86488054441
2021-04-19,4163.259765625,4163.259765625,0,14.501086321267778,60371.78923918918,60371.78923918918
2021-04-20,4134.93994140625,4134.93994140625,0,14.501086321267778,59961.121023589956,59961.121023589956
2021-04-21,4173.419921875,4173.419921875,0,14.501086321267778,60519.122542008,60519.122542008
2021-04-22,4134.97998046875,4134.97998046875,0,14.501086321267778,59961.701633491495,59961.701633491495
2021-04-23,4180.169921875,4180.169921875,0,14.501086321267778,60617.00487467656,60617.00487467656
2021-04-26,4187.6201171875,4187.6201171875,0,14.501086321267778,60725.04080001343,60725.04080001343
2021-04-27,4186.72021484375,4186.72021484375,0,14.501086321267778,60711.991238446,60711.991238446
2021-04-28,4183.18017578125,4183.18017578125,0,14.501086321267778,60660.656826420025,60660.656826420025
2021-04-29,4211.47021484375,4211.47021484375,0,14.501086321267778,61070.893124897375,61070.893124897375
2021-04-30,4181.169921875,4181.169921875,0,14.501086321267778,60631.50596099783,60631.50596099783
2021-05-03,4192.66015625,4192.66015625,0,14.501086321267778,60798.1268415213,60798.1268415213
2021-05-04,4164.66015625,4164.66015625,0,14.501086321267778,60392.0964245258,60392.0964245258
2021-05-05,4167.58984375,4167.58984375,0,14.501086321267778,60434.58007585764,60404.36278581971
2021-05-06,4201.6201171875,4216.6201171875,1,14.318144395288922,60159.40353204139,60159.40353204139
2021-05-07,4232.60009765625,4232.60009765625,0,14.318144395288922,60602.97936575618,60602.97936575618
2021-05-10,4188.43017578125,4188.43017578125,0,14.318144395288922,59970.548046421296,59970.548046421296
2021-05-11,4152.10009765625,4152.10009765625,0,14.318144395288922,59450.36874193542,59450.36874193542
2021-05-12,4063.0400390625,4063.0400390625,0,14.318144395288922,58175.193963137215,58175.193963137215
2021-05-13,4112.5,4112.5,0,14.318144395288922,58883.368825625694,58883.368825625694
2021-05-14,4173.85009765625,4173.85009765625,0,14.318144395288922,59761.788382532955,59761.788382532955
2021-05-17,4163.2900390625,4163.2900390625,0,14.318144395288922,59610.58793876493,59610.58793876493
2021-05-18,4127.830078125,4127.830078125,0,14.318144395288922,59102.8670978105,59102.8670978105
2021-05-19,4115.68017578125,4115.68017578125,0,14.318144395288922,58928.90304166403,58928.90304166403
2021-05-20,4159.1201171875,4159.1201171875,0,14.318144395288922,59550.882395241606,59550.882395241606
2021-05-21,4155.85986328125,4155.85986328125,0,14.318144395288922,59504.20160904661,59504.20160904661
2021-05-24,4197.0498046875,4197.0498046875,0,14.318144395288922,60093.96513773479,60093.96513773479
2021-05-25,4188.1298828125,4188.1298828125,0,14.318144395288922,59966.24840833384,59966.24840833384
2021-05-26,4195.990234375,4195.990234375,0,14.318144395288922,60078.794057003455,60078.794057003455
2021-05-27,4200.8798828125,4200.8798828125,0,14.318144395288922,60148.80474937378,60148.80474937378
2021-05-28,4204.10986328125,4204.10986328125,0,14.318144395288922,60195.052076119304,60195.052076119304
2021-06-01,4202.0400390625,4202.0400390625,0,14.318144395288922,60165.41603408237,60165.41603408237
2021-06-02,4208.1201171875,4208.1201171875,0,14.318144395288922,60252.47147061076,60252.47147061076
2021-06-03,4192.85009765625,4192.85009765625,0,14.318144395288922,60033.83312604344,60033.83312604344
2021-06-04,4229.89013671875,4229.89013671875,0,14.318144395288922,60564.17775374746,60564.17775374746
2021-06-07,4226.52001953125,4226.52001953125,0,14.318144395288922,60515.92392922779,60515.92392922779
2021-06-08,4227.259765625,4227.259765625,0,14.318144395288922,60526.515720613956,60526.515720613956
2021-06-09,4219.5498046875,4219.5498046875,0,14.318144395288922,60416.123386628795,60416.123386628795
2021-06-10,4239.18017578125,4239.18017578125,0,14.318144395288922,60697.19387448221,60697.19387448221
2021-06-11,4247.43994140625,4247.43994140625,0,14.318144395288922,60815.4583913722,60815.4583913722
2021-06-14,4255.14990234375,4255.14990234375,0,14.318144395288922,60925.85072535737,60925.85072535737
2021-06-15,4246.58984375,4246.58984375,0,14.318144395288922,60803.28657037992,60803.28657037992
2021-06-16,4223.7001953125,4223.7001953125,0,14.318144395288922,60475.549278894396,60475.549278894396
2021-06-17,4221.85986328125,4221.85986328125,0,14.318144395288922,60449.199139135686,60418.974539566116
2021-06-18,4166.4501953125,4181.4501953125,1,14.442066108353641,60172.149157866064,60172.149157866064
2021-06-21,4224.7900390625,4224.7900390625,0,14.442066108353641,61014.69703805459,61014.69703805459
2021-06-22,4246.43994140625,4246.43994140625,0,14.442066108353641,61327.366358942425,61327.366358942425
2021-06-23,4241.83984375,4241.83984375,0,14.442066108353641,61260.93144448598,61260.93144448598
2021-06-24,4266.490234375,4266.490234375,0,14.442066108353641,61616.93401548897,61616.93401548897
2021-06-25,4280.7001953125,4280.7001953125,0,14.442066108353641,61822.15521074547,61822.15521074547
2021-06-28,4290.60986328125,4290.60986328125,0,14.442066108353641,61965.27129066199,61965.27129066199
2021-06-29,4291.7998046875,4291.7998046875,0,14.442066108353641,61982.45650311612,61982.45650311612
2021-06-30,4297.5,4297.5,0,14.442066108353641,62064.77910064977,62064.77910064977
2021-07-01,4319.93994140625,4319.93994140625,0,14.442066108353641,62388.85821790642,62388.85821790642
2021-07-02,4352.33984375,4352.33984375,0,14.442066108353641,62856.779749459056,62856.779749459056
2021-07-06,4343.5400390625,4343.5400390625,0,14.442066108353641,62729.69238842158,62729.69238842158
2021-07-07,4358.1298828125,4358.1298828125,0,14.442066108353641,62940.39987636963,62940.39987636963
2021-07-08,4320.81982421875,4320.81982421875,0,14.442066108353641,62401.56554365215,62401.56554365215
2021-07-09,4369.5498046875,4369.5498046875,0,14.442066108353641,63105.32714304062,63105.32714304062
2021-07-12,4384.6298828125,4384.6298828125,0,14.442066108353641,63323.114628241005,63323.114628241005
2021-07-13,4369.2099609375,4369.2099609375,0,14.442066108353641,63100.419097136604,63100.419097136604
2021-07-14,4374.2998046875,4374.2998046875,0,14.442066108353641,63173.92695705529,63173.92695705529
2021-07-15,4360.02978515625,4360.02978515625,0,14.442066108353641,62967.838391617486,62967.838391617486
2021-07-16,4327.16015625,4327.16015625,0,14.442066108353641,62493.13303799637,62493.13303799637
2021-07-19,4258.490234375,4258.490234375,0,14.442066108353641,61501.39748662214,61501.39748662214
2021-07-20,4323.06005859375,4323.06005859375,0,14.442066108353641,62433.9191565941,62433.9191565941
2021-07-21,4358.68994140625,4358.68994140625,0,14.442066108353641,62948.488279605124,62948.488279605124
2021-07-22,4367.47998046875,4367.47998046875,0,14.442066108353641,63075.43460484076,63075.43460484076
2021-07-23,4411.7900390625,4411.7900390625,0,14.442066108353641,63715.36340031672,63715.36340031672
2021-07-26,4422.2998046875,4422.2998046875,0,14.442066108353641,63867.14613025627,63867.14613025627
2021-07-27,4401.4599609375,4401.4599609375,0,14.442066108353641,63566.17572913101,63566.17572913101
2021-07-28,4400.64013671875,4400.64013671875,0,14.442066108353641,63554.33577356659,63554.33577356659
2021-07-29,4419.14990234375,4419.14990234375,0,14.442066108353641,63821.655032372975,63821.655032372975
2021-07-30,4395.259765625,4395.259765625,0,14.442066108353641,63476.63209854318,63444.89378249391
2021-08-02,4387.16015625,4402.16015625,1,14.40501593265936,63197.11194990958,63197.11194990958
2021-08-03,4423.14990234375,4423.14990234375,0,14.40501593265936,63715.54481580241,63715.54481580241
2021-08-04,4402.66015625,4402.66015625,0,14.40501593265936,63420.3896968658,63420.3896968658
2021-08-05,4429.10009765625,4429.10009765625,0,14.40501593265936,63801.25747408141,63801.25747408141
2021-08-06,4436.52001953125,4436.52001953125,0,14.40501593265936,63908.14156690987,63908.14156690987
2021-08-09,4432.35009765625,4432.35009765625,0,14.40501593265936,63848.073775862555,63848.073775862555
2021-08-10,4436.75,4436.75,0,14.40501593265936,63911.454439226414,63911.454439226414
2021-08-11,4442.41015625,4442.41015625,0,14.40501593265936,63992.98908018901,63992.98908018901
2021-08-12,4460.830078125,4460.830078125,0,14.40501593265936,64258.32834827672,64258.32834827672
2021-08-13,4468.0,4468.0,0,14.40501593265936,64361.61118712202,64361.61118712202
2021-08-16,4479.7099609375,4479.7099609375,0,14.40501593265936,64530.29336099753,64530.29336099753
2021-08-17,4448.080078125,4448.080078125,0,14.40501593265936,64074.66439513532,64074.66439513532
2021-08-18,4400.27001953125,4400.27001953125,0,14.40501593265936,63385.95973935097,63385.95973935097
2021-08-19,4405.7998046875,4405.7998046875,0,14.40501593265936,63465.616382630935,63465.616382630935
2021-08-20,4441.669921875,4441.669921875,0,14.40501593265936,63982.32599222323,63982.32599222323
2021-08-23,4479.52978515625,4479.52978515625,0,14.40501593265936,64527.69792599794,64527.69792599794
2021-08-24,4486.22998046875,4486.22998046875,0,14.40501593265936,64624.214346226436,64624.214346226436
2021-08-25,4496.18994140625,4496.18994140625,0,14.40501593265936,64767.68774221979,64767.68774221979
2021-08-26,4470.0,4470.0,0,14.40501593265936,64390.421218987336,64390.421218987336
2021-08-27,4509.3701171875,4509.3701171875,0,14.40501593265936,64957.54838434394,64957.54838434394
2021-08-30,4528.7900390625,4528.7900390625,0,14.40501593265936,65237.292668364316,65237.292668364316
2021-08-31,4522.68017578125,4522.68017578125,0,14.40501593265936,65149.27999045154,65149.27999045154
2021-09-01,4524.08984375,4524.08984375,0,14.40501593265936,65169.586280001145,65169.586280001145
2021-09-02,4536.9501953125,4536.9501953125,0,14.40501593265936,65354.83984915856,65354.83984915856
2021-09-03,4535.43017578125,4535.43017578125,0,14.40501593265936,65332.943943592945,65332.943943592945
2021-09-07,4520.02978515625,4520.02978515625,0,14.40501593265936,65111.10107127065,65111.10107127065
2021-09-08,4514.06982421875,4514.06982421875,0,14.40501593265936,65025.24773900793,65025.24773900793
2021-09-09,4493.27978515625,4493.27978515625,0,14.40501593265936,64725.76689507201,64725.76689507201
2021-09-10,4458.580078125,4458.580078125,0,14.40501593265936,64225.91706242824,64225.91706242824
2021-09-13,4468.72998046875,4468.72998046875,0,14.40501593265936,64372.12656740489,64339.94050412119
2021-09-14,4443.0498046875,4458.0498046875,1,14.425093802944541,64091.410203771615,64091.410203771615
2021-09-15,4480.7001953125,4480.7001953125,0,14.425093802944541,64634.52062025474,64634.52062025474
2021-09-16,4473.75,4473.75,0,14.425093802944541,64534.26340092314,64534.26340092314
2021-09-17,4432.990234375,4432.990234375,0,14.425093802944541,63946.299958396485,63946.299958396485
2021-09-20,4357.72998046875,4357.72998046875,0,14.425093802944541,62860.66373616541,62860.66373616541
2021-09-21,4354.18994140625,4354.18994140625,0,14.425093802944541,62809.59834062275,62809.59834062275
2021-09-22,4395.64013671875,4395.64013671875,0,14.425093802944541,63407.52129615594,63407.52129615594
2021-09-23,4448.97998046875,4448.97998046875,0,14.425093802944541,64176.95354568409,64176.95354568409
2021-09-24,4455.47998046875,4455.47998046875,0,14.425093802944541,64270.71665540323,64270.71665540323
2021-09-27,4443.10986328125,4443.10986328125,0,14.425093802944541,64092.276554620126,64092.276554620126
2021-09-28,4352.6298828125,4352.6298828125,0,14.425093802944541,62787.09434906982,62787.09434906982
2021-09-29,4359.4599609375,4359.4599609375,0,14.425093802944541,62885.61886670438,62885.61886670438
2021-09-30,4307.5400390625,4307.5400390625,0,14.425093802944541,62136.66912341596,62136.66912341596
2021-10-01,4357.0400390625,4357.0400390625,0,14.425093802944541,62850.71126666171,62850.71126666171
2021-10-04,4300.4599609375,4300.4599609375,0,14.425093802944541,62034.53833233066,62034.53833233066
2021-10-05,4345.72021484375,4345.72021484375,0,14.425093802944541,62687.4217404734,62687.4217404734
2021-10-06,4363.5498046875,4363.5498046875,0,14.425093802944541,62944.61524643752,62944.61524643752
2021-10-07,4399.759765625,4399.759765625,0,14.425093802944541,63466.94732956192,63466.94732956192
2021-10-08,4391.33984375,4391.33984375,0,14.425093802944541,63345.489166701576,63345.489166701576
2021-10-11,4361.18994140625,4361.18994140625,0,14.425093802944541,62910.573997243366,62910.573997243366
2021-10-12,4350.64990234375,4350.64990234375,0,14.425093802944541,62758.5329450801,62758.5329450801
2021-10-13,4363.7998046875,4363.7998046875,0,14.425093802944541,62948.221519888255,62948.221519888255
2021-10-14,4438.259765625,4438.259765625,0,14.425093802944541,64022.31344097528,64022.31344097528
2021-10-15,4471.3701171875,4471.3701171875,0,14.425093802944541,64499.93336811281,64499.93336811281
2021-10-18,4486.4599609375,4486.4599609375,0,14.425093802944541,64717.60577967834,64717.60577967834
2021-10-19,4519.6298828125,4519.6298828125,0,14.425093802944541,65196.08501416156,65196.08501416156
2021-10-20,4536.18994140625,4536.18994140625,0,14.425093802944541,65434.96541275866,65434.96541275866
2021-10-21,4549.77978515625,4549.77978515625,0,14.425093802944541,65631.00018361976,65631.00018361976
2021-10-22,4544.89990234375,4544.89990234375,0,14.425093802944541,65560.60741630208,65560.60741630208
2021-10-25,4566.47998046875,4566.47998046875,0,14.425093802944541,65871.90206753007,65838.9661164963
2021-10-26,4574.7900390625,4589.7900390625,1,14.33748875763285,65591.00075358934,65591.00075358934
2021-10-27,4551.68017578125,4551.68017578125,0,14.33748875763285,65259.66334860399,65259.66334860399
2021-10-28,4596.419921875,4596.419921875,0,14.33748875763285,65901.11895524248,65901.11895524248
2021-10-29,4605.3798828125,4605.3798828125,0,14.33748875763285,66029.5822944527,66029.5822944527
2021-11-01,4613.669921875,4613.669921875,0,14.33748875763285,66148.44063631164,66148.44063631164
2021-11-02,4630.64990234375,4630.64990234375,0,14.33748875763285,66391.89091538716,66391.89091538716
2021-11-03,4660.56982421875,4660.56982421875,0,14.33748875763285,66820.86745889923,66820.86745889923
2021-11-04,4680.06005859375,4680.06005859375,0,14.33748875763285,67100.30847513443,67100.30847513443
2021-11-05,4697.52978515625,4697.52978515625,0,14.33748875763285,67350.7804833232,67350.7804833232
2021-11-08,4701.7001953125,4701.7001953125,0,14.33748875763285,67410.57369205313,67410.57369205313
2021-11-09,4685.25,4685.25,0,14.33748875763285,67174.7192016993,67174.7192016993
2021-11-10,4646.7099609375,4646.7099609375,0,14.33748875763285,66622.15182492198,66622.15182492198
2021-11-11,4649.27001953125,4649.27001953125,0,14.33748875763285,66658.85663622875,66658.85663622875
2021-11-12,4682.85009765625,4682.85009765625,0,14.33748875763285,67140.31062882638,67140.31062882638
2021-11-15,4682.7998046875,4682.7998046875,0,14.33748875763285,67139.58955395233,67139.58955395233
2021-11-16,4700.89990234375,4700.89990234375,0,14.33748875763285,67399.09950061087,67399.09950061087
2021-11-17,4688.669921875,4688.669921875,0,14.33748875763285,67223.75229313411,67223.75229313411
2021-11-18,4704.5400390625,4704.5400390625,0,14.33748875763285,67451.2899198922,67451.2899198922
2021-11-19,4697.9599609375,4697.9599609375,0,14.33748875763285,67356.94812375067,67356.94812375067
2021-11-22,4682.93994140625,4682.93994140625,0,14.33748875763285,67141.59876258194,67141.59876258194
2021-11-23,4690.7001953125,4690.7001953125,0,14.33748875763285,67252.86131571919,67252.86131571919
2021-11-24,4701.4599609375,4701.4599609375,0,14.33748875763285,67407.12933440239,67407.12933440239
2021-11-26,4594.6201171875,4594.6201171875,0,14.33748875763285,65875.3142757695,65875.3142757695
2021-11-29,4655.27001953125,4655.27001953125,0,14.33748875763285,66744.88156877455,66744.88156877455
2021-11-30,4567.0,4567.0,0,14.33748875763285,65479.31115610922,65479.31115610922
2021-12-01,4513.0400390625,4513.0400390625,0,14.33748875763285,64705.66082280551,64705.66082280551
2021-12-02,4577.10009765625,4577.10009765625,0,14.33748875763285,65624.1211927067,65624.1211927067
2021-12-03,4538.43017578125,4538.43017578125,0,14.33748875763285,65069.69162256535,65069.69162256535
2021-12-06,4591.669921875,4591.669921875,0,14.33748875763285,65833.01588364372,65833.01588364372
2021-12-07,4686.75,4686.75,0,14.33748875763285,67196.22543483575,67162.62732211834
2021-12-08,4701.2099609375,4716.2099609375,1,14.233688352877932,66915.55746542981,66915.55746542981
2021-12-09,4667.4501953125,4667.4501953125,0,14.233688352877932,66435.03148265736,66435.03148265736
2021-12-10,4712.02001953125,4712.02001953125,0,14.233688352877932,67069.4244705296,67069.4244705296
2021-12-13,4668.97021484375,4668.97021484375,0,14.233688352877932,66456.66696695545,66456.66696695545
2021-12-14,4634.08984375,4634.08984375,0,14.233688352877932,65960.1906351743,65960.1906351743
2021-12-15,4709.85009765625,4709.85009765625,0,14.233688352877932,67038.53847881076,67038.53847881076
2021-12-16,4668.669921875,4668.669921875,0,14.233688352877932,66452.39269042372,66452.39269042372
2021-12-17,4620.64013671875,4620.64013671875,0,14.233688352877932,65768.75169685397,65768.75169685397
2021-12-20,4568.02001953125,4568.02001953125,0,14.233688352877932,65019.77334771518,65019.77334771518
2021-12-21,4649.22998046875,4649.22998046875,0,14.233688352877932,66175.69062284894,66175.69062284894
2021-12-22,4696.56005859375,4696.56005859375,0,14.233688352877932,66849.37220459756,66849.37220459756
2021-12-23,4725.7900390625,4725.7900390625,0,14.233688352877932,67265.42263715045,67265.42263715045
2021-12-27,4791.18994140625,4791.18994140625,0,14.233688352877932,68196.30446542005,68196.30446542005
2021-12-28,4786.35009765625,4786.35009765625,0,14.233688352877932,68127.41563780591,68127.41563780591
2021-12-29,4793.06005859375,4793.06005859375,0,14.233688352877932,68222.92313065028,68222.92313065028
2021-12-30,4778.72998046875,4778.72998046875,0,14.233688352877932,68018.95326454664,68018.95326454664
2021-12-31,4766.18017578125,4766.18017578125,0,14.233688352877932,67840.32325573527,67840.32325573527
2022-01-03,4796.56005859375,4796.56005859375,0,14.233688352877932,68272.74103988535,68272.74103988535
2022-01-04,4793.5400390625,4793.5400390625,0,14.233688352877932,68229.75502305794,68229.75502305794
2022-01-05,4700.580078125,4700.580078125,0,14.233688352877932,66906.59190977785,66906.59190977785
2022-01-06,4696.0498046875,4696.0498046875,0,14.233688352877932,66842.10940951516,66842.10940951516
2022-01-07,4677.02978515625,4677.02978515625,0,14.233688352877932,66571.38437904169,66571.38437904169
2022-01-10,4670.2900390625,4670.2900390625,0,14.233688352877932,66475.45293356573,66475.45293356573
2022-01-11,4713.06982421875,4713.06982421875,0,14.233688352877932,67084.36706328286,67084.36706328286
2022-01-12,4726.35009765625,4726.35009765625,0,14.233688352877932,67273.39433663324,67273.39433663324
2022-01-13,4659.02978515625,4659.02978515625,0,14.233688352877932,66315.17798868989,66315.17798868989
2022-01-14,4662.85009765625,4662.85009765625,0,14.233688352877932,66369.55512622549,66369.55512622549
2022-01-18,4577.10986328125,4577.10986328125,0,14.233688352877932,65149.15535082903,65149.15535082903
2022-01-19,4532.759765625,4532.759765625,0,14.233688352877932,64517.88988237027,64517.88988237027
2022-01-20,4482.72998046875,4482.72998046875,0,14.233688352877932,63805.78151209476,63773.878621338714
2022-01-21,4397.93994140625,4412.93994140625,1,14.444340612806435,63525.34250833785,63525.34250833785
2022-01-24,4410.1298828125,4410.1298828125,0,14.444340612806435,63701.41817405988,63701.41817405988
2022-01-25,4356.4501953125,4356.4501953125,0,14.444340612806435,62926.05048382087,62926.05048382087
2022-01-26,4349.93017578125,4349.93017578125,0,14.444340612806435,62831.873100909346,62831.873100909346
2022-01-27,4326.509765625,4326.509765625,0,14.444340612806435,62493.58071932084,62493.58071932084
2022-01-28,4431.85009765625,4431.85009765625,0,14.444340612806435,64015.15235544634,64015.15235544634
2022-01-31,4515.5498046875,4515.5498046875,0,14.444340612806435,65224.13943299782,65224.13943299782
2022-02-01,4546.5400390625,4546.5400390625,0,14.444340612806435,65671.77293398103,65671.77293398103
2022-02-02,4589.3798828125,4589.3798828125,0,14.444340612806435,66290.56622890543,66290.56622890543
2022-02-03,4477.43994140625,4477.43994140625,0,14.444340612806435,64673.66758705596,64673.66758705596
2022-02-04,4500.52978515625,4500.52978515625,0,14.444340612806435,65007.18515487744,65007.18515487744
2022-02-07,4483.8701171875,4483.8701171875,0,14.444340612806435,64766.547236240556,64766.547236240556
2022-02-08,4521.5400390625,4521.5400390625,0,14.444340612806435,65310.66441866087,65310.66441866087
2022-02-09,4587.18017578125,4587.18017578125,0,14.444340612806435,66258.79291129767,66258.79291129767
2022-02-10,4504.080078125,4504.080078125,0,14.444340612806435,65058.46679579332,65058.46679579332
2022-02-11,4418.64013671875,4418.64013671875,0,14.444340612806435,63824.34318018322,63824.34318018322
2022-02-14,4401.669921875,4401.669921875,0,14.444340612806435,63579.21961670759,63579.21961670759
2022-02-15,4471.06982421875,4471.06982421875,0,14.444340612806435,64581.65544465622,64581.65544465622
2022-02-16,4475.009765625,4475.009765625,0,14.444340612806435,64638.565300322596,64638.565300322596
2022-02-17,4380.259765625,4380.259765625,0,14.444340612806435,63269.964027259186,63269.964027259186
2022-02-18,4348.8701171875,4348.8701171875,0,14.444340612806435,62816.56125351169,62816.56125351169
2022-02-22,4304.759765625,4304.759765625,0,14.444340612806435,62179.4163109923,62179.4163109923
2022-02-23,4225.5,4225.5,0,14.444340612806435,61034.56125941359,61034.56125941359
2022-02-24,4288.7001953125,4288.7001953125,0,14.444340612806435,61947.446407303236,61947.446407303236
2022-02-25,4384.64990234375,4384.64990234375,0,14.444340612806435,63333.3766573616,63333.3766573616
2022-02-28,4373.93994140625,4373.93994140625,0,14.444340612806435,63178.678333630494,63178.678333630494
2022-03-01,4306.259765625,4306.259765625,0,14.444340612806435,62201.08282191151,62201.08282191151
2022-03-02,4386.5400390625,4386.5400390625,0,14.444340612806435,63360.67843593199,63360.67843593199
2022-03-03,4363.490234375,4363.490234375,0,14.444340612806435,63027.73920596708,63027.73920596708
2022-03-04,4328.8701171875,4328.8701171875,0,14.444340612806435,62527.674441255556,62496.41060403493
2022-03-07,4201.08984375,4216.08984375,1,14.815902964598065,62242.93947055845,62242.93947055845
2022-03-08,4170.7001953125,4170.7001953125,0,14.815902964598065,61792.689388180195,61792.689388180195
2022-03-09,4277.8798828125,4277.8798828125,0,14.815902964598065,63380.65323795614,63380.65323795614
2022-03-10,4259.52001953125,4259.52001953125,0,14.815902964598065,63108.635285137854,63108.635285137854
2022-03-11,4204.31005859375,4204.31005859375,0,14.815902964598065,62290.64986120861,62290.64986120861
2022-03-14,4173.10986328125,4173.10986328125,0,14.815902964598065,61828.3907949821,61828.3907949821
2022-03-15,4262.4501953125,4262.4501953125,0,14.815902964598065,63152.04848518207,63152.04848518207
2022-03-16,4357.85986328125,4357.85986328125,0,14.815902964598065,64565.62886769159,64565.62886769159
2022-03-17,4411.669921875,4411.669921875,0,14.815902964598065,65362.873474335924,65362.873474335924
2022-03-18,4463.1201171875,4463.1201171875,0,14.815902964598065,66125.15457559554,66125.15457559554
2022-03-21,4461.18017578125,4461.18017578125,0,14.815902964598065,66096.41259196354,66096.41259196354
2022-03-22,4511.60986328125,4511.60986328125,0,14.815902964598065,66843.57394849854,66843.57394849854
2022-03-23,4456.240234375,4456.240234375,0,14.815902964598065,66023.22289943774,66023.22289943774
2022-03-24,4520.16015625,4520.16015625,0,14.815902964598065,66970.25425944243,66970.25425944243
2022-03-25,4543.06005859375,4543.06005859375,0,14.815902964598065,67309.5369904662,67309.5369904662
2022-03-28,4575.52001953125,4575.52001953125,0,14.815902964598065,67790.46062195084,67790.46062195084
2022-03-29,4631.60009765625,4631.60009765625,0,14.815902964598065,68621.33761769792,68621.33761769792
2022-03-30,4602.4501953125,4602.4501953125,0,14.815902964598065,68189.45549314542,68189.45549314542
2022-03-31,4530.41015625,4530.41015625,0,14.815902964598065,67122.11726482956,67122.11726482956
2022-04-01,4545.85986328125,4545.85986328125,0,14.815902964598065,67351.01862503603,67351.01862503603
2022-04-04,4582.64013671875,4582.64013671875,0,14.815902964598065,67895.95158729742,67895.95158729742
2022-04-05,4525.1201171875,4525.1201171875,0,14.815902964598065,67043.74055940063,67043.74055940063
2022-04-06,4481.14990234375,4481.14990234375,0,14.815902964598065,66392.2821229431,66392.2821229431
2022-04-07,4500.2099609375,4500.2099609375,0,14.815902964598065,66674.67410156765,66674.67410156765
2022-04-08,4488.27978515625,4488.27978515625,0,14.815902964598065,66497.91777484205,66497.91777484205
2022-04-11,4412.52978515625,4412.52978515625,0,14.815902964598065,65375.61312527375,65375.61312527375
2022-04-12,4397.4501953125,4397.4501953125,0,14.815902964598065,65152.19538540281,65152.19538540281
2022-04-13,4446.58984375,4446.58984375,0,14.815902964598065,65880.24364836726,65880.24364836726
2022-04-14,4392.58984375,4392.58984375,0,14.815902964598065,65080.18488827898,65080.18488827898
2022-04-18,4391.68994140625,4391.68994140625,0,14.815902964598065,65066.85202247636,65034.31859646513
2022-04-19,4462.2099609375,4477.2099609375,1,14.518376009779614,64784.04204747463,64784.04204747463
2022-04-20,4459.4501953125,4459.4501953125,0,14.518376009779614,64743.97473243201,64743.97473243201
2022-04-21,4393.66015625,4393.66015625,0,14.518376009779614,63788.81020762455,63788.81020762455
2022-04-22,4271.77978515625,4271.77978515625,0,14.518376009779614,62019.30515187401,62019.30515187401
2022-04-25,4296.1201171875,4296.1201171875,0,14.518376009779614,62372.68724450658,62372.68724450658
2022-04-26,4175.2001953125,4175.2001953125,0,14.518376009779614,60617.12635165216,60617.12635165216
2022-04-27,4183.9599609375,4183.9599609375,0,14.518376009779614,60744.30392275345,60744.30392275345
2022-04-28,4287.5,4287.5,0,14.518376009779614,62247.537141930094,62247.537141930094
2022-04-29,4131.93017578125,4131.93017578125,0,14.518376009779614,59988.91593814696,59988.91593814696
2022-05-02,4155.3798828125,4155.3798828125,0,14.518376009779614,60329.36760214582,60329.36760214582
2022-05-03,4175.47998046875,4175.47998046875,0,14.518376009779614,60621.18837775255,60621.18837775255
2022-05-04,4300.169921875,4300.169921875,0,14.518376009779614,62431.48383172588,62431.48383172588
2022-05-05,4146.8701171875,4146.8701171875,0,14.518376009779614,60205.81962504698,60205.81962504698
2022-05-06,4123.33984375,4123.33984375,0,14.518376009779614,59864.19826766842,59864.19826766842
2022-05-09,3991.239990234375,3991.239990234375,0,14.518376009779614,57946.32292349177,57946.32292349177
2022-05-10,4001.050048828125,4001.050048828125,0,14.518376009779614,58088.7490428338,58088.7490428338
2022-05-11,3935.179931640625,3935.179931640625,0,14.518376009779614,57132.42191369743,57132.42191369743
2022-05-12,3930.080078125,3930.080078125,0,14.518376009779614,57058.38032276279,57058.38032276279
2022-05-13,4023.889892578125,4023.889892578125,0,14.518376009779614,58420.34648240091,58420.34648240091
2022-05-16,4008.010009765625,4008.010009765625,0,14.518376009779614,58189.7963727378,58189.7963727378
2022-05-17,4088.85009765625,4088.85009765625,0,14.518376009779614,59363.46316539753,59363.46316539753
2022-05-18,3923.679931640625,3923.679931640625,0,14.518376009779614,56965.46058958497,56965.46058958497
2022-05-19,3900.7900390625,3900.7900390625,0,14.518376009779614,56633.136522312285,56633.136522312285
2022-05-20,3901.360107421875,3901.360107421875,0,14.518376009779614,56641.41298910497,56641.41298910497
2022-05-23,3973.75,3973.75,0,14.518376009779614,57692.39666886174,57692.39666886174
2022-05-24,3941.47998046875,3941.47998046875,0,14.518376009779614,57223.88839146412,57223.88839146412
2022-05-25,3978.72998046875,3978.72998046875,0,14.518376009779614,57764.69789782841,57764.69789782841
2022-05-26,4057.840087890625,4057.840087890625,0,14.518376009779614,58913.248183553245,58913.248183553245
2022-05-27,4158.240234375,4158.240234375,0,14.518376009779614,60370.89526165036,60370.89526165036
2022-05-31,4132.14990234375,4132.14990234375,0,14.518376009779614,59992.10601100067,59962.10995799517
2022-06-01,4101.22998046875,4116.22998046875,1,14.559960004768044,59713.74448598063,59713.74448598063
2022-06-02,4176.81982421875,4176.81982421875,0,14.559960004768044,60814.32958774729,60814.32958774729
2022-06-03,4108.5400390625,4108.5400390625,0,14.559960004768044,59820.17864673814,59820.17864673814
2022-06-06,4121.43017578125,4121.43017578125,0,14.559960004768044,60007.85852181913,60007.85852181913
2022-06-07,4160.68017578125,4160.68017578125,0,14.559960004768044,60579.33695200628,60579.33695200628
2022-06-08,4115.77001953125,4115.77001953125,0,14.559960004768044,59925.446873198394,59925.446873198394
2022-06-09,4017.820068359375,4017.820068359375,0,14.559960004768044,58499.29950166691,58499.29950166691
2022-06-10,3900.860107421875,3900.860107421875,0,14.559960004768044,56796.367148257676,56796.367148257676
2022-06-13,3749.6298828125,3749.6298828125,0,14.559960004768044,54594.46112643309,54594.46112643309
2022-06-14,3735.47998046875,3735.47998046875,0,14.559960004768044,54388.43911423672,54388.43911423672
2022-06-15,3789.989990234375,3789.989990234375,0,14.559960004768044,55182.10267628373,55182.10267628373
2022-06-16,3666.77001953125,3666.77001953125,0,14.559960004768044,53388.02483105754,53388.02483105754
2022-06-17,3674.840087890625,3674.840087890625,0,14.559960004768044,53505.524703605784,53505.524703605784
2022-06-21,3764.7900390625,3764.7900390625,0,14.559960004768044,54815.19239509912,54815.19239509912
2022-06-22,3759.889892578125,3759.889892578125,0,14.559960004768044,54743.846458269116,54743.846458269116
2022-06-23,3795.72998046875,3795.72998046875,0,14.559960004768044,55265.67670452399,55265.67670452399
2022-06-24,3911.739990234375,3911.739990234375,0,14.559960004768044,56954.77780686424,56954.77780686424
2022-06-27,3900.110107421875,3900.110107421875,0,14.559960004768044,56785.4471782541,56785.4471782541
2022-06-28,3821.550048828125,3821.550048828125,0,14.559960004768044,55641.61586715686,55641.61586715686
2022-06-29,3818.830078125,3818.830078125,0,14.559960004768044,55602.01320250522,55602.01320250522
2022-06-30,3785.3798828125,3785.3798828125,0,14.559960004768044,55114.97969660354,55114.97969660354
2022-07-01,3825.330078125,3825.330078125,0,14.559960004768044,55696.65294253622,55696.65294253622
2022-07-05,3831.389892578125,3831.389892578125,0,14.559960004768044,55784.88359861003,55784.88359861003
2022-07-06,3845.080078125,3845.080078125,0,14.559960004768044,55984.21215263039,55984.21215263039
2022-07-07,3902.6201171875,3902.6201171875,0,14.559960004768044,56821.99282005318,56821.99282005318
2022-07-08,3899.3798828125,3899.3798828125,0,14.559960004768044,56774.8151371471,56774.8151371471
2022-07-11,3854.429931640625,3854.429931640625,0,14.559960004768044,56120.34564586833,56120.34564586833
2022-07-12,3818.800048828125,3818.800048828125,0,14.559960004768044,55601.57597714375,55601.57597714375
2022-07-13,3801.780029296875,3801.780029296875,0,14.559960004768044,55353.765173488384,55353.765173488384
2022-07-14,3790.3798828125,3790.3798828125,0,14.559960004768044,55187.77949662739,55160.18560687907
2022-07-15,3863.159912109375,3878.159912109375,1,14.216179978830013,54919.37659754801,54919.37659754801
2022-07-18,3830.85009765625,3830.85009765625,0,14.216179978830013,54460.05446019978,54460.05446019978
2022-07-19,3936.68994140625,3936.68994140625,0,14.216179978830013,55964.692727881025,55964.692727881025
2022-07-20,3959.89990234375,3959.89990234375,0,14.216179978830013,56294.649709870144,56294.649709870144
2022-07-21,3998.949951171875,3998.949951171875,0,14.216179978830013,56849.79223219286,56849.79223219286
2022-07-22,3961.6298828125,3961.6298828125,0,14.216179978830013,56319.24342357375,56319.24342357375
2022-07-25,3966.840087890625,3966.840087890625,0,14.216179978830013,56393.31263669099,56393.31263669099
2022-07-26,3921.050048828125,3921.050048828125,0,14.216179978830013,55742.35320014084,55742.35320014084
2022-07-27,4023.610107421875,4023.610107421875,0,14.216179978830013,57200.365451748934,57200.365451748934
2022-07-28,4072.429931640625,4072.429931640625,0,14.216179978830013,57894.39685937753,57894.39685937753
2022-07-29,4130.2900390625,4130.2900390625,0,14.216179978830013,58716.94656008134,58716.94656008134
2022-08-01,4118.6298828125,4118.6298828125,0,14.216179978830013,58551.18368025006,58551.18368025006
2022-08-02,4091.18994140625,4091.18994140625,0,14.216179978830013,58161.09253461027,58161.09253461027
2022-08-03,4155.169921875,4155.169921875,0,14.216179978830013,59070.643451996046,59070.643451996046
2022-08-04,4151.93994140625,4151.93994140625,0,14.216179978830013,59024.72546832419,59024.72546832419
2022-08-05,4145.18994140625,4145.18994140625,0,14.216179978830013,58928.76625346709,58928.76625346709
2022-08-08,4140.06005859375,4140.06005859375,0,14.216179978830013,58855.83891613428,58855.83891613428
2022-08-09,4122.47021484375,4122.47021484375,0,14.216179978830013,58605.77853158478,58605.77853158478
2022-08-10,4210.240234375,4210.240234375,0,14.216179978830013,59853.53292598646,59853.53292598646
2022-08-11,4207.27001953125,4207.27001953125,0,14.216179978830013,59811.30781719191,59811.30781719191
2022-08-12,4280.14990234375,4280.14990234375,0,14.216179978830013,60847.38134809046,60847.38134809046
2022-08-15,4297.14013671875,4297.14013671875,0,14.216179978830013,61088.917577847955,61088.917577847955
2022-08-16,4305.2001953125,4305.2001953125,0,14.216179978830013,61203.500821456626,61203.500821456626
2022-08-17,4274.0400390625,4274.0400390625,0,14.216179978830013,60760.52243203816,60760.52243203816
2022-08-18,4283.740234375,4283.740234375,0,14.216179978830013,60898.42215443046,60898.42215443046
2022-08-19,4228.47998046875,4228.47998046875,0,14.216179978830013,60112.83243922337,60112.83243922337
2022-08-22,4137.990234375,4137.990234375,0,14.216179978830013,58826.41392251599,58826.41392251599
2022-08-23,4128.72998046875,4128.72998046875,0,14.216179978830013,58694.76848633507,58694.76848633507
2022-08-24,4140.77001953125,4140.77001953125,0,14.216179978830013,58865.93184859972,58865.93184859972
2022-08-25,4199.1201171875,4199.1201171875,0,14.216179978830013,59695.447338663274,59665.599614993946
2022-08-26,4057.659912109375,4072.659912109375,1,14.642956448883647,59416.13737739862,59416.13737739862
2022-08-29,4030.610107421875,4030.610107421875,0,14.642956448883647,59020.048265408754,59020.048265408754
2022-08-30,3986.159912109375,3986.159912109375,0,14.642956448883647,58369.165991303445,58369.165991303445
2022-08-31,3955.0,3955.0,0,14.642956448883647,57912.89275533482,57912.89275533482
2022-09-01,3966.85009765625,3966.85009765625,0,14.642956448883647,58086.41321923031,58086.41321923031
2022-09-02,3924.260009765625,3924.260009765625,0,14.642956448883647,57462.76841709376,57462.76841709376
2022-09-06,3908.18994140625,3908.18994140625,0,14.642956448883647,57227.45510597685,57227.45510597685
2022-09-07,3979.8701171875,3979.8701171875,0,14.642956448883647,58277.06479819002,58277.06479819002
2022-09-08,4006.179931640625,4006.179931640625,0,14.642956448883647,58662.31826540534,58662.31826540534
2022-09-09,4067.360107421875,4067.360107421875,0,14.642956448883647,59558.17691490523,59558.17691490523
2022-09-12,4110.41015625,4110.41015625,0,14.642956448883647,60188.55690501777,60188.55690501777
2022-09-13,3932.68994140625,3932.68994140625,0,14.642956448883647,57586.2075389745,57586.2075389745
2022-09-14,3946.010009765625,3946.010009765625,0,14.642956448883647,57781.25271985698,57781.25271985698
2022-09-15,3901.35009765625,3901.35009765625,0,14.642956448883647,57127.29957182843,57127.29957182843
2022-09-16,3873.330078125,3873.330078125,0,14.642956448883647,56717.00364613547,56717.00364613547
2022-09-19,3899.889892578125,3899.889892578125,0,14.642956448883647,57105.917852463004,57105.917852463004
2022-09-20,3855.929931640625,3855.929931640625,0,14.642956448883647,56462.21405896057,56462.21405896057
2022-09-21,3789.929931640625,3789.929931640625,0,14.642956448883647,55495.778933334244,55495.778933334244
2022-09-22,3757.989990234375,3757.989990234375,0,14.642956448883647,55028.083762342634,55028.083762342634
2022-09-23,3693.22998046875,3693.22998046875,0,14.642956448883647,54079.80575971531,54079.80575971531
2022-09-26,3655.0400390625,3655.0400390625,0,14.642956448883647,53520.59211091817,53520.59211091817
2022-09-27,3647.2900390625,3647.2900390625,0,14.642956448883647,53407.10919843932,53407.10919843932
2022-09-28,3719.0400390625,3719.0400390625,0,14.642956448883647,54457.741323646726,54457.741323646726
2022-09-29,3640.469970703125,3640.469970703125,0,14.642956448883647,53307.24323447458,53307.24323447458
2022-09-30,3585.6201171875,3585.6201171875,0,14.642956448883647,52504.07921821764,52477.82717860853
